Ticker,MarketCap,Sector
AAPL,4087787028480.0,Technology
ABBV,394886709248.0,Healthcare
ADBE,112343867392.0,Technology
AEP,64660086784.0,Utilities
AFL,61399945216.0,Financial Services
AJG,62080262144.0,Financial Services
AMD,339842859008.0,Technology
AMZN,2257768677376.0,Consumer Cyclical
ANET,173139116032.0,Technology
APD,63038365696.0,Basic Materials
ARKK,,Unknown
ARM,131369222144.0,Technology
ARQT,3346486528.0,Healthcare
AVGO,1576449736704.0,Technology
AXP,247401070592.0,Financial Services
AZO,61229162496.0,Consumer Cyclical
BA,190862901248.0,Industrials
BAC,412810084352.0,Financial Services
BDX,59836399616.0,Healthcare
BKR,58226892800.0,Energy
BLK,163898327040.0,Financial Services
BSX,113109909504.0,Healthcare
CAT,340209401856.0,Industrials
CLS,35476013056.0,Technology
CME,108669812736.0,Financial Services
COP,132988002304.0,Energy
COST,444472688640.0,Consumer Defensive
CRDO,20122372096.0,Technology
CRM,182165209088.0,Technology
CRWD,99704930304.0,Technology
CSCO,335131836416.0,Technology
CVX,361603104768.0,Energy
DDOG,39166418944.0,Technology
DE,158066229248.0,Industrials
DHR,153121603584.0,Healthcare
DIA,40705126400.0,Unknown
DIS,192767164416.0,Communication Services
DLR,60025810944.0,Real Estate
DOCU,9438854144.0,Technology
EOG,62079447040.0,Energy
ESTC,6282826752.0,Technology
ET,61594959872.0,Energy
ETN,145528127488.0,Industrials
F,54986084352.0,Consumer Cyclical
FTNT,63416180736.0,Technology
GD,97359241216.0,Industrials
GOOGL,3905637318656.0,Communication Services
GS,281152225280.0,Financial Services
GWW,57286287360.0,Industrials
HAL,29824020480.0,Energy
HD,383421251584.0,Consumer Cyclical
HON,160637059072.0,Industrials
HUBS,12255364096.0,Technology
ICE,96360177664.0,Financial Services
INTC,252706078720.0,Technology
ISRG,173356826624.0,Healthcare
IWM,74483867648.0,Unknown
JNJ,578206760960.0,Healthcare
JPM,877657325568.0,Financial Services
KMI,67855187968.0,Energy
KO,340118798336.0,Consumer Defensive
LHX,65419567104.0,Industrials
LITE,39412084736.0,Technology
LLY,948612694016.0,Healthcare
LOW,156157673472.0,Consumer Cyclical
MA,490264985600.0,Financial Services
MCD,233462824960.0,Consumer Cyclical
MDB,28027252736.0,Technology
META,1673199747072.0,Communication Services
MPC,61022306304.0,Energy
MPLX,56955650048.0,Energy
MPWR,59903299584.0,Technology
MRK,304554704896.0,Healthcare
MS,286012112896.0,Financial Services
MSFT,2981424267264.0,Technology
MU,444227256320.0,Technology
NET,60672200704.0,Technology
NFLX,348683304960.0,Communication Services
NKE,94626103296.0,Consumer Cyclical
NOC,101204221952.0,Industrials
NOW,106295099392.0,Technology
NVDA,4514177351680.0,Technology
O,58051829760.0,Real Estate
OKTA,15372949504.0,Technology
ORCL,410477690880.0,Technology
OXY,45625098240.0,Energy
PANW,111046041600.0,Technology
PATH,6892923904.0,Technology
PCAR,66909687808.0,Industrials
PEP,233117827072.0,Consumer Defensive
PG,371937869824.0,Consumer Defensive
PH,123249172480.0,Industrials
PLTR,323908993024.0,Technology
PSX,63770808320.0,Energy
QCOM,146685313024.0,Technology
QQQ,239653421056.0,Unknown
RBLX,46621892608.0,Communication Services
ROST,62033661952.0,Consumer Cyclical
SBUX,113303379968.0,Consumer Cyclical
SCHW,190743248896.0,Financial Services
SHOP,146234621952.0,Technology
SLB,75813306368.0,Energy
SMCI,20523868160.0,Technology
SMH,4687617024.0,Unknown
SNOW,57636745216.0,Technology
SOXX,2666101504.0,Unknown
SPGI,134112182272.0,Financial Services
SPY,633838632960.0,Unknown
SRE,57018257408.0,Utilities
SYK,137018572800.0,Healthcare
TEAM,24933273600.0,Technology
TRV,67251388416.0,Financial Services
TSLA,1542662258688.0,Consumer Cyclical
TTD,13221015552.0,Communication Services
TXN,201205481472.0,Technology
U,10744891392.0,Technology
UNH,250600243200.0,Healthcare
URI,57238499328.0,Industrials
V,639299354624.0,Financial Services
VLO,62962892800.0,Energy
WBD,67838758912.0,Communication Services
WMT,1045878538240.0,Consumer Defensive
XLE,9927077888.0,Unknown
XLF,47935725568.0,Unknown
XLK,38395265024.0,Unknown
XOM,628568555520.0,Energy
ZS,26684315648.0,Technology
ZTS,56470437888.0,Healthcare
A,36571357184.0,Healthcare
AAP,3397259008.0,Consumer Cyclical
ABNB,73664192512.0,Consumer Cyclical
ACI,9651333120.0,Consumer Defensive
ACLS,2760472832.0,Technology
ADI,159215927296.0,Technology
ADM,32976695296.0,Consumer Defensive
ADSK,51882541056.0,Technology
AEE,28612952064.0,Utilities
AEHR,821731584.0,Technology
AFRM,19870050304.0,Financial Services
AI,1615847552.0,Technology
AIG,41550286848.0,Financial Services
AKAM,13580877824.0,Technology
ALB,19839096832.0,Basic Materials
ALGM,7709953024.0,Technology
ALGN,14226899968.0,Healthcare
ALL,52637274112.0,Financial Services
AMAT,261189926912.0,Technology
AMBA,2852525312.0,Technology
AN,7493106176.0,Consumer Cyclical
AON,68332220416.0,Financial Services
APO,76865355776.0,Financial Services
APP,159965151232.0,Communication Services
APTV,18399162368.0,Consumer Cyclical
ARES,44881297408.0,Financial Services
ASAN,1948962048.0,Technology
ATO,28814499840.0,Utilities
AVY,14737911808.0,Consumer Cyclical
BALL,18440810496.0,Consumer Cyclical
BBY,14295289856.0,Consumer Cyclical
BG,22888146944.0,Consumer Defensive
BILL,5068929536.0,Technology
BIO,8091371520.0,Healthcare
BJ,12884162560.0,Consumer Defensive
BKNG,138751262720.0,Consumer Cyclical
BNTX,27333885952.0,Healthcare
BOX,3507649280.0,Technology
BRKR,6317713408.0,Healthcare
BRO,23083460608.0,Financial Services
BWA,11680887808.0,Consumer Cyclical
BX,164550246400.0,Financial Services
CAVA,7994923520.0,Consumer Cyclical
CB,128395960320.0,Financial Services
CBOE,28679921664.0,Financial Services
CCL,46100271104.0,Consumer Cyclical
CDNS,81474502656.0,Technology
CF,15599614976.0,Basic Materials
CFG,29011791872.0,Financial Services
CFLT,10856037376.0,Technology
CGNX,7303923200.0,Technology
CHD,24109953024.0,Consumer Defensive
CHKP,19385042944.0,Technology
CI,76881485824.0,Healthcare
CINF,25503428608.0,Financial Services
CLX,14814516224.0,Consumer Defensive
CMG,50828365824.0,Consumer Cyclical
CMS,22443583488.0,Utilities
CNC,19478495232.0,Healthcare
COIN,43822055424.0,Financial Services
CPB,8690613248.0,Consumer Defensive
CPRT,39059509248.0,Industrials
CROX,4559457280.0,Consumer Cyclical
CVNA,84919738368.0,Consumer Cyclical
CYBR,20637501440.0,Technology
DAR,7700498432.0,Consumer Defensive
DASH,80010567680.0,Consumer Cyclical
DECK,16834985984.0,Consumer Cyclical
DG,32192382976.0,Consumer Defensive
DGX,22962944000.0,Healthcare
DHI,47239634944.0,Consumer Cyclical
DIOD,2865516800.0,Technology
DLTR,24867758080.0,Consumer Defensive
DOCN,5862816768.0,Technology
DPZ,13230912512.0,Consumer Cyclical
DRI,24453806080.0,Consumer Cyclical
DT,11094767616.0,Technology
DTE,28627025920.0,Utilities
DUK,96150036480.0,Utilities
DVA,9310728192.0,Healthcare
DXCM,26729304064.0,Healthcare
EA,50696396800.0,Communication Services
ED,39136247808.0,Utilities
EL,36646563840.0,Consumer Defensive
ELV,71870275584.0,Healthcare
EMR,90918625280.0,Industrials
ENTG,20229505024.0,Technology
EPAM,10672084992.0,Technology
ES,26000609280.0,Utilities
ETR,44530176000.0,Utilities
EXAS,19627909120.0,Healthcare
EXC,45085831168.0,Utilities
EXPE,29882261504.0,Consumer Cyclical
FAST,53574041600.0,Industrials
FE,27531538432.0,Utilities
FHN,12624985088.0,Financial Services
FITB,49052639232.0,Financial Services
FIVN,1389899264.0,Technology
FMC,1999970304.0,Basic Materials
FND,7617281024.0,Consumer Cyclical
FORM,7232345088.0,Technology
FSLY,1358046080.0,Technology
GEN,15522744320.0,Technology
GH,13640710144.0,Healthcare
GIS,25964103680.0,Consumer Defensive
GLOB,2653795328.0,Technology
GPC,20404725760.0,Consumer Cyclical
GTLB,5313019904.0,Technology
GWRE,11327955968.0,Technology
HBAN,37692133376.0,Financial Services
HCA,117476433920.0,Healthcare
HIG,39500648448.0,Financial Services
HLT,76132220928.0,Consumer Cyclical
HRL,13367606272.0,Consumer Defensive
HST,13882768384.0,Real Estate
HSY,46437793792.0,Consumer Defensive
HUM,21805508608.0,Healthcare
ICLR,11241961472.0,Healthcare
IDXX,51725438976.0,Healthcare
IFF,19672596480.0,Basic Materials
ILMN,18339483648.0,Healthcare
INCY,19642087424.0,Healthcare
INTU,117314977792.0,Technology
IOT,16098412544.0,Technology
IPGP,4672900608.0,Technology
IT,12109395968.0,Technology
ITW,85773877248.0,Industrials
KEY,25289080832.0,Financial Services
KEYS,40377024512.0,Technology
KKR,99278651392.0,Financial Services
KLAC,188001402880.0,Technology
KLIC,3916572672.0,Technology
KMB,35140841472.0,Consumer Defensive
KMX,6729908224.0,Consumer Cyclical
KR,45075369984.0,Consumer Defensive
KVYO,6377084416.0,Technology
LEN,29490219008.0,Consumer Cyclical
LH,23641950208.0,Healthcare
LIN,215937531904.0,Basic Materials
LKQ,8902343680.0,Consumer Cyclical
LRCX,284628942848.0,Technology
LSCC,12450651136.0,Technology
LULU,21419573248.0,Consumer Cyclical
LYFT,6848539648.0,Technology
MANH,9016441856.0,Technology
MAR,97548369920.0,Consumer Cyclical
MARA,2896892160.0,Financial Services
MAS,16292677632.0,Industrials
MCHP,41591672832.0,Technology
MCO,75144093696.0,Financial Services
MDLZ,78260248576.0,Consumer Defensive
MET,51340836864.0,Financial Services
MKSI,16961635328.0,Technology
MMC,89819709440.0,Financial Services
MOH,6447101952.0,Healthcare
MOS,9560325120.0,Basic Materials
MRNA,16408858624.0,Healthcare
MSCI,38746451968.0,Financial Services
MSTR,38482837504.0,Technology
MTB,36912369664.0,Financial Services
MTD,28606562304.0,Healthcare
NBIX,13724488704.0,Healthcare
NCLH,10725866496.0,Consumer Cyclical
NDAQ,47343849472.0,Financial Services
NEE,189163438080.0,Utilities
NI,21167691776.0,Utilities
NRG,33771579392.0,Utilities
NTR,34647998464.0,Basic Materials
NTRA,29514405888.0,Healthcare
NVR,22119530496.0,Consumer Cyclical
NVTS,2026061440.0,Technology
NXPI,59655352320.0,Technology
OLED,6158146560.0,Technology
ON,27556665344.0,Technology
ONTO,10809940992.0,Technology
ORLY,78873083904.0,Consumer Cyclical
OWL,20274876416.0,Financial Services
OZK,5655425024.0,Financial Services
PAG,10857694208.0,Consumer Cyclical
PAYC,7028698624.0,Technology
PAYX,35548545024.0,Technology
PCOR,8154394112.0,Technology
PD,729186880.0,Technology
PEG,41529610240.0,Utilities
PGR,118764126208.0,Financial Services
PHM,26767935488.0,Consumer Cyclical
PKG,21755070464.0,Consumer Cyclical
PNC,97168760832.0,Financial Services
PODD,17767780352.0,Healthcare
POOL,9976222720.0,Industrials
POWI,2534312704.0,Technology
PPL,26682392576.0,Utilities
PRU,36366266368.0,Financial Services
PTC,19363047424.0,Technology
QLYS,4092911872.0,Technology
QRVO,7816015872.0,Technology
RCL,94713208832.0,Consumer Cyclical
REGN,79808937984.0,Healthcare
RF,27025332224.0,Financial Services
RIOT,5513900544.0,Financial Services
RJF,31295029248.0,Financial Services
RMBS,11517488128.0,Technology
ROK,46389932032.0,Industrials
ROKU,13432114176.0,Communication Services
ROP,37548240896.0,Technology
S,4666401280.0,Technology
SEE,6169188352.0,Consumer Cyclical
SF,12782511104.0,Financial Services
SHAK,4087890688.0,Consumer Cyclical
SITM,10881853440.0,Technology
SJM,11670224896.0,Consumer Defensive
SMTC,8198123008.0,Technology
SNPS,83692150784.0,Technology
SO,99892240384.0,Utilities
SPOT,98009669632.0,Communication Services
SSNC,18384928768.0,Technology
STM,30199093248.0,Technology
SWKS,9369780224.0,Technology
SYNA,3352366592.0,Technology
TECH,10138174464.0,Healthcare
TENB,2773074432.0,Technology
TER,48499933184.0,Technology
TFC,70486474752.0,Financial Services
TGT,51451617280.0,Consumer Defensive
THC,17055276032.0,Healthcare
TMO,202807214080.0,Healthcare
TSCO,28560214016.0,Consumer Cyclical
TSN,22871050240.0,Consumer Defensive
TT,102305947648.0,Industrials
TTWO,39018319872.0,Communication Services
TWLO,18221774848.0,Technology
TXRH,12139197440.0,Consumer Cyclical
TYL,15596316672.0,Technology
UBER,153278267392.0,Technology
UHS,13541041152.0,Healthcare
ULTA,30457804800.0,Consumer Cyclical
UNFI,2362935808.0,Consumer Defensive
UPST,3790281216.0,Financial Services
USB,94155251712.0,Financial Services
VECO,1896946304.0,Technology
VEEV,30737764352.0,Healthcare
VRNS,3095983360.0,Technology
WAL,10446294016.0,Financial Services
WAT,19473281024.0,Healthcare
WDAY,40912408576.0,Technology
WEC,36751114240.0,Utilities
WING,7250123776.0,Consumer Cyclical
WRB,26571079680.0,Financial Services
XEL,45844332544.0,Utilities
XRAY,2779758848.0,Healthcare
YUM,44105154560.0,Consumer Cyclical
YUMC,20178851840.0,Consumer Cyclical
ZBH,18113794048.0,Healthcare
ZION,9461604352.0,Financial Services
ZM,28429496320.0,Technology
AAOI,3310891776.0,Technology
ACN,149366652928.0,Technology
AMKR,13214960640.0,Technology
APPF,6776903680.0,Technology
APPS,559932736.0,Technology
ARLO,1311124352.0,Industrials
ARRY,1773401472.0,Technology
ASX,49186627584.0,Technology
BAH,10847465472.0,Industrials
BELFB,3002958848.0,Technology
BLKB,2312910592.0,Technology
BR,20140318720.0,Technology
CACI,13821277184.0,Technology
CALX,3613393408.0,Technology
CAMT,7048003584.0,Technology
CIEN,42133401600.0,Technology
COHU,1518910720.0,Technology
COMM,4337923584.0,Technology
CSGS,2273655040.0,Technology
DELL,84451926016.0,Technology
DOX,8043714560.0,Technology
ENPH,6575700480.0,Technology
EXTR,2074464256.0,Technology
FICO,32752676864.0,Technology
FOUR,5300316160.0,Technology
FRSH,2544172288.0,Technology
FSLR,24277395456.0,Technology
GPN,20519260160.0,Industrials
GRMN,40117665792.0,Technology
HPE,31988758528.0,Technology
HPQ,18516443136.0,Technology
IBM,272718364672.0,Technology
ICHR,1556574208.0,Technology
INOD,1514988288.0,Technology
J,17850228736.0,Industrials
JKHY,12348986368.0,Technology
KBR,5643263488.0,Industrials
KN,2291437312.0,Technology
LDOS,24982056960.0,Technology
LOGI,13621095424.0,Technology
MGNI,1719465088.0,Communication Services
MRCY,5062834176.0,Industrials
MTCH,7817814016.0,Communication Services
NICE,7012005376.0,Technology
NTAP,21087686656.0,Technology
NVMI,13663854592.0,Technology
NXT,17736368128.0,Technology
OSIS,4653635584.0,Technology
OTEX,6630184960.0,Technology
PAR,943741504.0,Technology
PEGA,7361601024.0,Technology
PINS,13822969856.0,Communication Services
PLXS,5518011904.0,Technology
QTWO,3584845312.0,Technology
RAMP,1533937152.0,Technology
RPD,680345280.0,Technology
RUN,4793984000.0,Technology
SAIC,4506473984.0,Technology
SANM,8173805568.0,Technology
SEDG,2200044032.0,Technology
SNAP,8833218560.0,Communication Services
SONO,2109227904.0,Technology
STX,86407094272.0,Technology
TDC,2762234880.0,Technology
TRIP,1499933952.0,Consumer Cyclical
TTMI,9689322496.0,Technology
UCTT,2465880576.0,Technology
UI,43481767936.0,Technology
UMC,24949725184.0,Technology
VERX,2373776128.0,Technology
VIAV,6323870720.0,Technology
VRSN,20401416192.0,Technology
WDC,89769074688.0,Technology
WEX,5691894784.0,Technology
YELP,1534896384.0,Communication Services
Z,13242589184.0,Communication Services
ZG,13653958656.0,Communication Services
ACIW,4377407488.0,Technology
ADP,91215323136.0,Technology
ALKT,1820769536.0,Technology
AMN,782104576.0,Healthcare
AMPL,977245952.0,Technology
AVPT,2358577152.0,Technology
BABA,397514244096.0,Consumer Cyclical
BL,2743487232.0,Technology
COUR,990661056.0,Consumer Defensive
DLO,3860931072.0,Technology
DOCS,5128509440.0,Healthcare
DUOL,5579641856.0,Technology
ERIC,38255587328.0,Technology
GLBE,5585685504.0,Consumer Cyclical
HIMS,3924660224.0,Healthcare
IAC,2823983360.0,Communication Services
INTA,2092402432.0,Technology
KTOS,15783229440.0,Industrials
MNDY,3820478976.0,Technology
NCNO,2157628160.0,Technology
NOK,39524339712.0,Technology
OMCL,1791435776.0,Healthcare
OPEN,4473266176.0,Real Estate
PAYO,2161893376.0,Technology
QDEL,1984280064.0,Healthcare
RELY,2849296128.0,Technology
RNG,2503451648.0,Technology
RXRX,2006861568.0,Healthcare
SAP,247605444608.0,Technology
SDGR,1004049920.0,Healthcare
SE,67093618688.0,Consumer Cyclical
SPSC,2836712960.0,Technology
STNE,4767285248.0,Technology
TOST,17328359424.0,Technology
VRSK,23677497344.0,Industrials
WK,3926718208.0,Technology
TSM,1942190424064.0,Technology
CXM,1329638272.0,Technology
CRSR,723645632.0,Technology
ABCB,5739837952.0,Financial Services
AES,11593329664.0,Utilities
AFG,10757266432.0,Financial Services
AG,11258574848.0,Basic Materials
AGCO,10483865600.0,Industrials
AGO,4109198336.0,Financial Services
AIZ,10973869056.0,Financial Services
AKR,2912949248.0,Real Estate
ALGT,2038301056.0,Industrials
ALK,6336232960.0,Industrials
AME,53063979008.0,Industrials
AMT,89951068160.0,Real Estate
AOS,11126806528.0,Industrials
APLE,2907865344.0,Real Estate
ARCB,2350150656.0,Industrials
ARE,9096537088.0,Real Estate
ASB,4622966272.0,Financial Services
ASH,2788302592.0,Basic Materials
AVA,3505494784.0,Utilities
AVB,24947613696.0,Real Estate
AVNT,3914345216.0,Basic Materials
AWK,26056151040.0,Utilities
AXS,7962020352.0,Financial Services
AYI,9387305984.0,Industrials
BANC,3109111296.0,Financial Services
BANR,2189082368.0,Financial Services
BC,5686392832.0,Consumer Cyclical
BEN,14093190144.0,Financial Services
BEP,20508545024.0,Utilities
BEPC,7880107008.0,Utilities
BKH,5588912640.0,Utilities
BKU,3661697280.0,Financial Services
BOKF,8489103360.0,Financial Services
BPOP,9509834752.0,Financial Services
BRX,8980014080.0,Real Estate
BXP,10882264064.0,Real Estate
CAG,9452580864.0,Consumer Defensive
CALM,3976253952.0,Consumer Defensive
CATY,3628392960.0,Financial Services
CC,3075782912.0,Basic Materials
CCI,39358590976.0,Real Estate
CDE,14398234624.0,Basic Materials
CE,6444362752.0,Basic Materials
CHRW,20793323520.0,Industrials
CL,78130700288.0,Consumer Defensive
CMI,83038822400.0,Industrials
CNP,27759960064.0,Utilities
CPA,6000812544.0,Industrials
CPT,11569556480.0,Real Estate
CSX,76000083968.0,Industrials
CTRE,8934245376.0,Real Estate
CUBE,8923949056.0,Real Estate
CUZ,3773436928.0,Real Estate
CVBF,2790540032.0,Financial Services
CW,25226866688.0,Industrials
CWST,6585526784.0,Industrials
D,56793772032.0,Utilities
DAL,45066018816.0,Industrials
DD,21040941056.0,Basic Materials
DEI,2051946368.0,Real Estate
DOC,11607234560.0,Real Estate
DOV,31768799232.0,Industrials
DOW,23312683008.0,Basic Materials
DRH,2015630080.0,Real Estate
EIX,27500238848.0,Utilities
EME,35849400320.0,Industrials
EMN,9134709760.0,Basic Materials
EQIX,93950377984.0,Real Estate
EQR,25132861440.0,Real Estate
ESNT,6051943424.0,Financial Services
ESS,17356775424.0,Real Estate
EVRG,19036407808.0,Utilities
EWBC,16211712000.0,Financial Services
EXK,3456585728.0,Basic Materials
EXPD,19882764288.0,Industrials
EXR,32433588224.0,Real Estate
FBK,3154286592.0,Financial Services
FBP,3542525440.0,Financial Services
FDS,7700648448.0,Financial Services
FDX,88417230848.0,Industrials
FELE,4848961024.0,Industrials
FFBC,3167481344.0,Financial Services
FFIN,4794540032.0,Financial Services
FLO,2187806208.0,Consumer Defensive
FLS,11400990720.0,Industrials
FNB,6471527936.0,Financial Services
FNF,15395646464.0,Financial Services
FRT,9097189376.0,Real Estate
FTV,18072102912.0,Technology
FULT,3963089920.0,Financial Services
GGG,15695728640.0,Industrials
GO,1008850688.0,Consumer Defensive
GPRE,956792192.0,Basic Materials
GXO,7501681152.0,Industrials
HE,2903476480.0,Utilities
HEI,46356451328.0,Industrials
HII,16434053120.0,Industrials
HIW,2588865536.0,Real Estate
HL,15144230912.0,Basic Materials
HLI,11620195328.0,Financial Services
HR,6389993472.0,Real Estate
HUBB,27863058432.0,Industrials
HUBG,2427968512.0,Industrials
HUN,2295265536.0,Basic Materials
IBOC,4480151552.0,Financial Services
IDA,7796563968.0,Utilities
IEX,15841198080.0,Industrials
INDB,4148625408.0,Financial Services
INGR,7516250112.0,Consumer Defensive
IR,38926274560.0,Industrials
IVZ,11803864064.0,Financial Services
JBHT,21115619328.0,Industrials
JBLU,2149530368.0,Industrials
KEX,6971094016.0,Industrials
KHC,29356869632.0,Consumer Defensive
KIM,15379076096.0,Real Estate
KNSL,8651756544.0,Financial Services
KNX,9667288064.0,Industrials
KRC,3799002880.0,Real Estate
KWR,3119550976.0,Basic Materials
LECO,16207097856.0,Industrials
LNC,7764708864.0,Financial Services
LNT,18299654144.0,Utilities
LOB,1866153600.0,Financial Services
LUV,26431795200.0,Industrials
LYB,18543101952.0,Basic Materials
MAA,16269197312.0,Real Estate
MATX,5155543040.0,Industrials
MC,4891456512.0,Financial Services
MKC,19190648832.0,Consumer Defensive
MKTX,6701565952.0,Financial Services
MP,10284684288.0,Basic Materials
MPW,3019530240.0,Real Estate
MTG,5776342528.0,Financial Services
NBHC,1884970624.0,Financial Services
NEU,5570757120.0,Basic Materials
NHI,4254594560.0,Real Estate
NSA,4930355712.0,Real Estate
NSC,70726713344.0,Industrials
NWBI,1897942528.0,Financial Services
ODFL,40606588928.0,Industrials
OGE,9684248576.0,Utilities
OGS,5162317312.0,Utilities
OLN,2953465088.0,Basic Materials
ONB,9679447040.0,Financial Services
OR,8025117184.0,Basic Materials
ORA,7183800320.0,Utilities
ORI,10533946368.0,Financial Services
OSK,10949173248.0,Industrials
OTTR,3694390784.0,Industrials
PAAS,24449183744.0,Basic Materials
PAC,14350928896.0,Industrials
PB,7084541440.0,Financial Services
PCG,39915098112.0,Utilities
PK,2239031296.0,Real Estate
PLD,129084645376.0,Real Estate
PNR,16617712640.0,Industrials
PNW,11896029184.0,Utilities
POST,5836122112.0,Consumer Defensive
PPC,10290555904.0,Consumer Defensive
PPG,29643438080.0,Basic Materials
PRI,8007420416.0,Financial Services
PSA,52713361408.0,Real Estate
R,8428353536.0,Industrials
RDN,4446750720.0,Financial Services
REG,14225867776.0,Real Estate
RHP,6333169152.0,Real Estate
RLI,5661583872.0,Financial Services
RRX,14618342400.0,Industrials
RYAN,10246005760.0,Financial Services
SAIA,10255019008.0,Industrials
SBRA,5085778944.0,Real Estate
SBSW,12376632320.0,Basic Materials
SEIC,9627410432.0,Financial Services
SFBS,4705393664.0,Financial Services
SFM,6739196416.0,Consumer Defensive
SHO,1750907136.0,Real Estate
SHW,91976572928.0,Basic Materials
SIGI,5220555776.0,Financial Services
SKYW,4206202880.0,Industrials
SLG,3082136576.0,Real Estate
SMPL,1515236864.0,Consumer Defensive
SNDR,5036357632.0,Industrials
SPG,74240966656.0,Real Estate
SR,5427430400.0,Utilities
SVM,2424858880.0,Basic Materials
SWK,14103824384.0,Industrials
SWX,6350739968.0,Utilities
TCBI,4720459264.0,Financial Services
TDG,72662843392.0,Industrials
THS,1233715072.0,Consumer Defensive
TTC,9799279616.0,Industrials
TXT,17083592704.0,Industrials
UAL,35381325824.0,Industrials
UBSI,6149677056.0,Financial Services
UDR,14340467712.0,Real Estate
UFPI,6676277760.0,Basic Materials
UGI,8325895680.0,Utilities
UNM,11987611648.0,Financial Services
UNP,154685292544.0,Industrials
UPS,101161500672.0,Industrials
USFD,22278535168.0,Consumer Defensive
VITL,1272044160.0,Consumer Defensive
VNO,6239510528.0,Real Estate
VOYA,7090590208.0,Financial Services
VTR,40486035456.0,Real Estate
WBS,11468723200.0,Financial Services
WELL,146767953920.0,Real Estate
WERN,1988262912.0,Industrials
WLK,12837577728.0,Basic Materials
WSFS,3652353792.0,Financial Services
WSO,16996679680.0,Industrials
WTFC,10296723456.0,Financial Services
WTS,10957435904.0,Industrials
XYL,31202723840.0,Industrials
ACAD,3727075584.0,Healthcare
AEVA,815885120.0,Technology
AGG,57826873344.0,Unknown
AIQ,,Unknown
AIRR,,Unknown
ALNY,41696714752.0,Healthcare
AMGN,198993412096.0,Healthcare
APLD,9863787520.0,Technology
ARKG,,Unknown
ASML,545972387840.0,Technology
ASTS,30660571136.0,Technology
ATRC,1623259776.0,Healthcare
BAX,10181758976.0,Healthcare
BBAI,1868203008.0,Technology
BCRX,1676744064.0,Healthcare
BE,39203811328.0,Industrials
BEAM,2833180416.0,Healthcare
BIDU,47762452480.0,Communication Services
BIIB,28840986624.0,Healthcare
BILI,12471244800.0,Communication Services
BITF,1279556224.0,Financial Services
BKSY,773120960.0,Industrials
BLMN,532606784.0,Consumer Cyclical
BLOK,,Unknown
BMRN,11501885440.0,Healthcare
BND,,Unknown
BNDX,,Unknown
BOTZ,,Unknown
BRBR,2116262144.0,Consumer Defensive
BROS,8756168704.0,Consumer Cyclical
BTBT,569667648.0,Financial Services
BTDR,2342648832.0,Technology
BUG,,Unknown
CAH,51955421184.0,Healthcare
CARG,2713773568.0,Consumer Cyclical
CEG,104495325184.0,Utilities
CELH,11517847552.0,Consumer Defensive
CHAT,,Unknown
CHE,6895617536.0,Healthcare
CIFR,6487411712.0,Financial Services
CLSK,2519166208.0,Financial Services
COHR,40726683648.0,Technology
COMP,7539916800.0,Real Estate
COPX,,Unknown
COR,70192504832.0,Healthcare
CORT,4211708160.0,Healthcare
CORZ,5531493888.0,Technology
CPER,,Unknown
CPNG,31016474624.0,Consumer Cyclical
CRSP,5093940224.0,Healthcare
CRUS,7380270080.0,Technology
CSIQ,1298591872.0,Technology
CTSH,32120123392.0,Technology
CVLT,3863988736.0,Technology
CVS,99843129344.0,Healthcare
CWEN,8309890560.0,Utilities
DBC,2660231936.0,Unknown
DIVO,,Unknown
DQ,1668371072.0,Technology
DV,1546288256.0,Communication Services
DVY,27645644800.0,Unknown
DXC,2331653632.0,Technology
EAT,7156536320.0,Consumer Cyclical
ECH,387718528.0,Unknown
EDU,9786002432.0,Consumer Defensive
EDV,,Unknown
EEM,45986689024.0,Unknown
EFX,23597572096.0,Industrials
EIDO,,Unknown
EMB,,Unknown
ENR,1561352960.0,Industrials
EPU,,Unknown
EW,44543279104.0,Healthcare
EWM,443570976.0,Unknown
EWS,703208960.0,Unknown
EWT,6209250304.0,Unknown
EWW,1531467008.0,Unknown
EWY,10128132096.0,Unknown
EWZ,7632933376.0,Unknown
EXEL,11775485952.0,Healthcare
FBT,4334298112.0,Unknown
FCEL,344659232.0,Industrials
FDL,,Unknown
FDN,,Unknown
FIS,24447318016.0,Technology
FISV,32267689984.0,Unknown
FLIN,,Unknown
FLJP,,Unknown
FLOT,,Unknown
FLTR,,Unknown
FLTW,,Unknown
FMS,14268560384.0,Healthcare
FNGD,46338224128.0,Unknown
FOLD,4489103872.0,Healthcare
FROG,6114407424.0,Technology
FUTU,20427458560.0,Financial Services
FVD,9414799360.0,Unknown
FXE,224639008.0,Unknown
FXF,,Unknown
FXY,123389496.0,Unknown
GDDY,12338577408.0,Technology
GDX,,Unknown
GDXJ,,Unknown
GFS,27222849536.0,Technology
GILD,192280526848.0,Healthcare
GLD,120419983360.0,Unknown
GOVT,,Unknown
GRAB,16887570432.0,Technology
GSK,118251421696.0,Healthcare
HDV,,Unknown
HIVE,550723072.0,Financial Services
HOLX,16752297984.0,Healthcare
HOOD,68473921536.0,Financial Services
HSIC,9481976832.0,Healthcare
HUT,5819933184.0,Financial Services
HYD,,Unknown
HYG,15814259712.0,Unknown
IAU,91921711104.0,Unknown
IBB,12023249920.0,Unknown
ICLN,,Unknown
ICUI,3577096960.0,Healthcare
IEF,14192659456.0,Unknown
IEMG,86275473408.0,Unknown
IGV,1034624960.0,Unknown
IHI,,Unknown
IJR,74084966400.0,Unknown
ILF,1731414912.0,Unknown
INDA,,Unknown
INMD,906030144.0,Healthcare
IONQ,12257795072.0,Technology
IQ,1733325824.0,Communication Services
IQV,28429883392.0,Healthcare
IRBO,,Unknown
IREN,14006872064.0,Financial Services
ITA,,Unknown
ITB,,Unknown
ITGR,3010501376.0,Healthcare
IVE,29287555072.0,Unknown
IVW,15566508032.0,Unknown
IWD,68321034240.0,Unknown
IWF,126638546944.0,Unknown
IWN,14697795584.0,Unknown
IWR,35566395392.0,Unknown
IWS,18325694464.0,Unknown
IWY,,Unknown
IYT,223748016.0,Unknown
JAZZ,10105846784.0,Healthcare
JD,40042520576.0,Consumer Cyclical
JEPI,,Unknown
JEPQ,,Unknown
JETS,,Unknown
JKS,1371888768.0,Technology
JNK,8702488576.0,Unknown
KBE,,Unknown
KIE,,Unknown
KRE,,Unknown
KRYS,8016364544.0,Healthcare
LABD,,Unknown
LABU,,Unknown
LAC,1405150848.0,Basic Materials
LC,1797549440.0,Financial Services
LCID,3332451584.0,Consumer Cyclical
LGND,3618090496.0,Healthcare
LI,18705227776.0,Consumer Cyclical
LIT,,Unknown
LQD,32751663104.0,Unknown
LUNR,2295473408.0,Industrials
MCK,115373056000.0,Healthcare
MELI,100799184896.0,Consumer Cyclical
MRVL,66669137920.0,Technology
MTUM,,Unknown
MUB,,Unknown
NEO,1472433152.0,Healthcare
NIO,12516862976.0,Consumer Cyclical
NTES,77577797632.0,Communication Services
NTLA,1374901248.0,Healthcare
NU,81502584832.0,Financial Services
NVO,220423749632.0,Healthcare
NVS,315283767296.0,Healthcare
OPCH,5748490752.0,Healthcare
OUST,1126297984.0,Technology
PACB,516261696.0,Healthcare
PAGS,3079245056.0,Technology
PBW,191447680.0,Unknown
PCTY,5825901568.0,Technology
PDD,142362148864.0,Consumer Cyclical
PEN,13310626816.0,Healthcare
PLUG,2630190592.0,Industrials
PPA,2667915008.0,Unknown
PRCH,880904448.0,Technology
PSQ,,Unknown
PTCT,5576022528.0,Healthcare
PZA,,Unknown
PZZA,1042375552.0,Consumer Cyclical
QGEN,10388238336.0,Healthcare
QLD,,Unknown
QQQM,,Unknown
QS,4648128000.0,Consumer Cyclical
QUAL,24331051008.0,Unknown
QUBT,1898324352.0,Technology
QURE,1276979072.0,Healthcare
QYLD,,Unknown
RARE,1979719680.0,Healthcare
RDNT,5381996544.0,Healthcare
RGTI,5310119424.0,Technology
RIVN,22002749440.0,Consumer Cyclical
RKLB,36023504896.0,Industrials
RMD,36863787008.0,Healthcare
ROBO,1498577024.0,Unknown
ROG,1953336576.0,Technology
RPV,,Unknown
RSP,31557033984.0,Unknown
RYLD,,Unknown
SAN,175661105152.0,Financial Services
SATL,448601568.0,Industrials
SCHA,,Unknown
SCHD,,Unknown
SCHE,,Unknown
SCHP,3110756096.0,Unknown
SDS,,Unknown
SH,,Unknown
SHY,17384458240.0,Unknown
SIMO,4631294976.0,Technology
SKYY,,Unknown
SLV,23805892608.0,Unknown
SNY,111753256960.0,Healthcare
SOFI,24780328960.0,Financial Services
SOUN,3133915136.0,Technology
SOXL,,Unknown
SOXS,,Unknown
SPHD,,Unknown
SPSM,,Unknown
SPXL,,Unknown
SPXS,,Unknown
SPYD,,Unknown
SPYV,5267978240.0,Unknown
SQQQ,,Unknown
SRPT,1864164096.0,Healthcare
SRTY,,Unknown
SSO,,Unknown
SUPN,2915132672.0,Healthcare
TAL,6845869568.0,Consumer Defensive
TAN,,Unknown
TDOC,825251392.0,Healthcare
TECL,,Unknown
TECS,,Unknown
TFI,,Unknown
TIGR,1428250240.0,Financial Services
TIP,19794001920.0,Unknown
TLT,9842284544.0,Unknown
TME,26694592512.0,Communication Services
TNA,,Unknown
TNDM,1284854784.0,Healthcare
TQQQ,,Unknown
TRU,14355263488.0,Financial Services
TZA,,Unknown
UNG,150332416.0,Unknown
UPRO,,Unknown
URTY,,Unknown
USO,9077801984.0,Unknown
UTHR,21421873152.0,Healthcare
UUP,,Unknown
VAW,,Unknown
VB,244099170304.0,Unknown
VBK,15245324288.0,Unknown
VBR,23443499008.0,Unknown
VCR,,Unknown
VCYT,2827589120.0,Healthcare
VDC,,Unknown
VDE,6385922560.0,Unknown
VFH,,Unknown
VGT,,Unknown
VHT,15768729600.0,Unknown
VIPS,8647220224.0,Consumer Cyclical
VIS,8234182144.0,Unknown
VKTX,3351074560.0,Healthcare
VNM,,Unknown
VNQ,35015417856.0,Unknown
VNQI,,Unknown
VO,46521401344.0,Unknown
VOE,,Unknown
VOT,,Unknown
VOX,3421473024.0,Unknown
VRTX,126008320000.0,Healthcare
VST,58105188352.0,Utilities
VTIP,,Unknown
VTV,87450861568.0,Unknown
VTWO,,Unknown
VUG,110861852672.0,Unknown
VWO,81896423424.0,Unknown
VXF,37022597120.0,Unknown
VYM,,Unknown
WCLD,,Unknown
WEN,1425426944.0,Consumer Cyclical
WIX,3855157760.0,Technology
XBI,,Unknown
XHB,,Unknown
XLB,3834252288.0,Unknown
XLC,,Unknown
XLI,23796150272.0,Unknown
XLP,18812495872.0,Unknown
XLRE,,Unknown
XLU,7592241152.0,Unknown
XLV,31126423552.0,Unknown
XLY,13970993152.0,Unknown
XPEV,17428787200.0,Consumer Cyclical
XYLD,,Unknown
ZBRA,13405712384.0,Technology
BRK-B,1073381900288.0,Financial Services
AAL,9164979200.0,Industrials
ABT,196114923520.0,Healthcare
AEO,4319165440.0,Consumer Cyclical
AGI,18997497856.0,Basic Materials
AMCR,23143868416.0,Consumer Cyclical
ANF,4410442240.0,Consumer Cyclical
ATI,19838177280.0,Industrials
BK,82105884672.0,Financial Services
BMY,123695415296.0,Healthcare
BOOT,5730618368.0,Consumer Cyclical
BTI,129068580864.0,Consumer Defensive
BURL,19027238912.0,Consumer Cyclical
CARR,54664192000.0,Industrials
CDW,16626366464.0,Technology
CHTR,30940485632.0,Communication Services
CLF,5920653824.0,Basic Materials
CLH,14685680640.0,Industrials
CMCSA,115037749248.0,Communication Services
DDS,10065836032.0,Consumer Cyclical
DVN,28015216640.0,Energy
ECL,84852064256.0,Basic Materials
EGO,9564484608.0,Basic Materials
EPD,80568860672.0,Energy
ETH,,Unknown
FANG,48462938112.0,Energy
FCX,90233880576.0,Basic Materials
FFIV,15562261504.0,Technology
FIVE,11358497792.0,Consumer Cyclical
FNV,48805138432.0,Basic Materials
GE,332698845184.0,Industrials
GFI,49138774016.0,Basic Materials
GM,75636400128.0,Consumer Cyclical
GOLD,1713851520.0,Financial Services
GPK,3665490688.0,Consumer Cyclical
H,15792263168.0,Consumer Cyclical
HAS,14377527296.0,Consumer Cyclical
IAG,12827151360.0,Basic Materials
INVH,16545426432.0,Real Estate
IP,25926680576.0,Consumer Cyclical
JCI,85224095744.0,Industrials
KGC,42054815744.0,Basic Materials
KSS,2226955520.0,Consumer Cyclical
LEG,1589414912.0,Consumer Cyclical
LMT,151005577216.0,Industrials
LW,6942540288.0,Consumer Defensive
LYV,36751757312.0,Communication Services
M,5751051264.0,Consumer Cyclical
MAT,5306633728.0,Consumer Cyclical
MDT,127607472128.0,Healthcare
MHK,8238691840.0,Consumer Cyclical
MHO,3947522048.0,Consumer Cyclical
MO,112890667008.0,Consumer Defensive
MTH,5674780160.0,Consumer Cyclical
NEM,138184966144.0,Basic Materials
NUE,41933770752.0,Basic Materials
OKE,54228287488.0,Energy
OTIS,35008176128.0,Industrials
PFE,156811821056.0,Healthcare
PM,291892985856.0,Consumer Defensive
PYPL,37697417216.0,Financial Services
RGLD,24146286592.0,Basic Materials
RH,3850555136.0,Consumer Cyclical
RS,18062200832.0,Basic Materials
RSG,69677203456.0,Industrials
RTX,268538052608.0,Industrials
SA,3623904256.0,Basic Materials
SIG,3689082624.0,Consumer Cyclical
SKY,5370215424.0,Consumer Cyclical
SLGN,5205218816.0,Consumer Cyclical
SON,5096367616.0,Consumer Cyclical
STLA,22387611648.0,Consumer Cyclical
STLD,28216174592.0,Basic Materials
SUI,16826461184.0,Real Estate
T,203396317184.0,Communication Services
TJX,171904532480.0,Consumer Cyclical
TMUS,245512208384.0,Communication Services
TPH,4057676800.0,Consumer Cyclical
TREX,4590504448.0,Industrials
VZ,206675165184.0,Communication Services
WM,94590304256.0,Industrials
WMB,88326160384.0,Energy
WPM,66328952832.0,Basic Materials
WSM,25615519744.0,Consumer Cyclical
